Name,Rank,Category,Followers (Millions),Audience Country,Engagement(1000s),Engagement Avg (1000s)
cristiano,1,Sports with a ball,462.9,India,5500,6600
leomessi,2,Sports with a ball,347.2,Argentina,3600,4800
kendalljenner,3,"Modeling, Fashion",247.6,United States,3000,4900
arianagrande,4,Music,321.4,United States,2400,3400
zendaya,5,Cinema & Actors/actresses,147,United States,4300,5800
kimkardashian,6,Fashion,323.6,United States,1700,2500
taylorswift,7,Music,218.2,Brazil,2400,3200
kyliejenner,8,Fashion,357,United States,1200,1900
selenagomez,9,Music,334.9,United States,1400,1900
thv,10,Music,46.3,United States,13300,13300
lalalalisa_m,11,Music,79.9,Indonesia,6300,7300
jennierubyjane,12,Music,68.2,Indonesia,7000,8300
virat.kohli,13,Sports with a ball,206.9,India,2100,2400
tomholland2013,14,Cinema & Actors/actresses,67.6,United States,5700,7000
j.m,15,,38.1,,11800,11800
agustd,16,Lifestyle,36.5,,10400,10400
jin,17,Music,37.4,United States,9900,9900
beyonce,18,Music,267.4,United States,949.9,1300
khloekardashian,19,Clothing & Outfits,260.4,United States,1100,1400
sooyaaa__,20,Music,62.1,Indonesia,4900,5600
billieeilish,21,Music,104.3,United States,2400,3100
neymarjr,22,Sports with a ball,176.2,Brazil,1300,1800
khaby00,23,Sports with a ball,78.6,India,2800,3900
justinbieber,24,Music,245.9,India,798.5,1200
roses_are_rosie,25,Music,61,Indonesia,4000,4600
uarmyhope,26,Music,37.4,South Korea,6900,6900
badbunnypr,27,Music,41.4,United States,3900,6000
nickiminaj,28,Music,197.8,United States,744.2,1200
instagram,29,Photography,528.4,India,339.6,434.3
jungkook.97,30,Music,43,,5200,5200
bts.bighitofficial,31,Music,66,Indonesia,3000,3300
iamcardib,32,Music,137.3,United States,1100,1500
kourtneykardash,33,Lifestyle,189,United States,739.8,1100
karolg,34,Music,54.5,Mexico,3000,3700
zayn,35,Music,46.2,India,2700,4300
rkive,36,Lifestyle,36,,5400,5400
milliebobbybrown,37,Cinema & Actors/actresses,53.2,Brazil,2800,3500
gigihadid,38,"Modeling, Fashion",74.9,United States,1600,2400
jlo,39,Cinema & Actors/actresses,217.5,United States,585.7,743.2
kingjames,40,Sports with a ball,127.4,United States,741.7,1300
therock,41,Cinema & Actors/actresses,327.3,India,373.2,479.8
adele,42,Music,50.6,United States,2200,3100
georginagio,43,Lifestyle,39,India,2700,3800
champagnepapi,44,Music,116.6,United States,753.6,1200
katrinakaif,45,Beauty,65.6,India,1900,2200
harrystyles,46,Music,46.3,United States,2100,2900
mileycyrus,47,Music,178.2,United States,557.8,757.2
eunwo.o_c,48,Music,29.2,Indonesia,3600,4500
travisscott,49,Music,45.8,United States,1700,2500
ester_exposito,50,Cinema & Actors/actresses,29.4,Russia,2600,3800
robertdowneyjr,51,Cinema & Actors/actresses,53.2,India,1600,2000
dlwlrma,52,Art/Artists,27,South Korea,3000,3500
actorleeminho,53,Cinema & Actors/actresses,30.1,Indonesia,2400,3100
narendramodi,54,Finance & Economics,68.2,India,1200,1300
shawnmendes,55,Music,69.4,Brazil,838,1200
k.mbappe,56,Sports with a ball,72.4,France,806.5,1100
johnnydepp,57,Cinema & Actors/actresses,26.6,India,2400,3100
aliaabhatt,58,Cinema & Actors/actresses,67.2,India,979.6,1200
oliviarodrigo,59,Music,27.1,India,2300,2900
anushkasharma,60,Cinema & Actors/actresses,59.3,India,1200,1300
dualipa,61,Music,85.1,Mexico,729.1,879.1
dovecameron,62,Cinema & Actors/actresses,48.1,United States,1200,1500
camila_cabello,63,Music,64.4,Brazil,845.4,1100
noahschnapp,64,Cinema & Actors/actresses,24.7,Brazil,2300,2900
danbilzerian,65,Cinema & Actors/actresses,32.9,India,1300,2200
charlidamelio,66,Lifestyle,48.9,United States,1200,1400
dojacat,67,Music,24.2,United States,2000,2700
chrishemsworth,68,Cinema & Actors/actresses,55.1,India,869.2,1100
kimberly.loaiza,69,Clothing & Outfits,35.2,Mexico,1400,1700
lelepons,70,Music,49,Mexico,763.5,1200
iamzlatanibrahimovic,71,Sports with a ball,54.6,Italy,682.1,1100
mosalah,72,Sports with a ball,51.9,Egypt,753.4,1100
bn_sj2013,73,Cinema & Actors/actresses,22.2,Indonesia,2100,2500
jongsuk0206,74,Cinema & Actors/actresses,23,Indonesia,1800,2400
handemiyy,75,Cinema & Actors/actresses,28.5,Turkey,1400,1900
niallhoran,76,Music,30.2,United States,1200,1800
paulodybala,77,Sports with a ball,47.7,Argentina,684.3,1100
gal_gadot,78,Cinema & Actors/actresses,83.8,United States,468.3,605.9
oohsehun,79,Music,23.3,Indonesia,1700,2100
realmadrid,80,Sports with a ball,121.8,Spain,289.5,396.5
sadiesink_,81,"Modeling, Fashion",21.6,Brazil,1500,2200
lilireinhart,82,Cinema & Actors/actresses,29,Brazil,1100,1600
chrisbrownofficial,83,Music,115.1,United States,267,414.5
fcbarcelona,84,Sports with a ball,110,Indonesia,281.6,424.1
iamsrk,85,Cinema & Actors/actresses,30,India,1200,1600
ddlovato,86,Music,136.3,United States,264.5,338.1
rashmika_mandanna,87,Cinema & Actors/actresses,32.3,India,1200,1400
dishapatani,88,Cinema & Actors/actresses,52.1,India,696,855.2
songkang_b,89,Lifestyle,14.4,Mexico,2200,3100
bellahadid,90,Modeling,53.2,United States,499.7,798.4
jacksonwang852g7,91,Music,28.9,China,1200,1500
deepikapadukone,92,Cinema & Actors/actresses,67.8,India,468.7,611
dannapaola,93,Music,34.5,Mexico,828.3,1200
blackpinkofficial,94,Music,47.7,Indonesia,700.1,853
haileybieber,95,Lifestyle,45.9,United States,655.9,880.4
karimbenzema,96,Sports with a ball,55.9,France,502.4,724
zacefron,97,Cinema & Actors/actresses,53.9,United States,514.9,747.1
antonelaroccuzzo,98,"Modeling, Fashion",20,Argentina,1200,2000
realstraykids,99,Music,21.9,Indonesia,1500,1800
nasa,100,Science,78.6,India,412.2,496.7
nasa,101,Science,78.6,India,412.2,496.7
yawnzzn,102,,9.6,India,3200,4100
chrisevans,103,,17,United States,1900,2300
twicetagram,104,"Modeling, Fashion",26.1,Indonesia,1200,1500
priyankachopra,105,Cinema & Actors/actresses,80.2,India,390.3,471.9
ursulolita,106,Cinema & Actors/actresses,24.1,Brazil,1100,1600
jenniferaniston,107,Cinema & Actors/actresses,40.7,Brazil,628,911.9
hi_high_hiy,108,Cinema & Actors/actresses,14.3,South Korea,2200,2600
addisonraee,109,Beauty,40.4,United States,579.2,892.3
nike,110,Fitness & Gym,227.6,United States,123.5,158.4
finnwolfhardofficial,111,Cinema & Actors/actresses,24.6,Brazil,1100,1400
samantharuthprabhuoffl,112,Cinema & Actors/actresses,24.2,India,1200,1400
madelame,113,Cinema & Actors/actresses,25.4,Russia,965.6,1400
miakhalifa,114,Fitness & Gym,27.8,India,769.7,1200
jannatzubair29,115,Cinema & Actors/actresses,43.3,India,635.3,772.1
katyperry,116,Music,167.2,Brazil,156.3,200.4
meganfox,117,Cinema & Actors/actresses,20.4,United States,973.9,1600
vindiesel,118,Cinema & Actors/actresses,81.7,Brazil,309.8,403.9
kapilsharma,119,Cinema & Actors/actresses,42,India,683.8,780.7
camimendes,120,Cinema & Actors/actresses,27.1,Brazil,861.5,1200
akshaykumar,121,Cinema & Actors/actresses,62.6,India,428.1,511.5
tyga,122,Music,35.4,United States,604.1,904.1
_jeongjaehyun,123,,12.1,Indonesia,2100,2700
ladygaga,124,Music,53.1,United States,426.5,598.8
kritisanon,125,Modeling,49.7,India,538.6,626.9
hoooooyeony,126,Lifestyle,23.4,South Korea,1000,1300
mrbeast,127,Humor & Fun & Happiness,19,United States,1200,1600
rosalia.vt,128,Music,20.9,Spain,1100,1500
shakira,129,Music,75.6,India,294,400.3
pewdiepie,130,Computers & Gadgets,21.9,United States,1100,1400
hrithikroshan,131,Cinema & Actors/actresses,43.5,India,540.9,684
madelyncline,132,Cinema & Actors/actresses,12.6,United States,1600,2400
hazardeden_10,133,Sports with a ball,27,Spain,680.8,1100
shraddhakapoor,134,Cinema & Actors/actresses,73.4,India,349,403.7
vinijr,135,Sports with a ball,21.3,Brazil,806.7,1400
emrata,136,Modeling,29.5,United States,606.1,967.7
lanarhoades,137,Lifestyle,16.8,United States,1000,1700
britneyspears,138,Music,41.6,United States,494.6,685.6
maluma,139,Music,62.7,Italy,294.2,452.1
beingsalmankhan,140,Cinema & Actors/actresses,53,India,417.3,534.9
luisitocomunica,141,Humor & Fun & Happiness,32.3,Mexico,643.5,852.1
natgeo,142,Science,232.2,United States,91.4,117.8
madisonbeer,143,Music,31.8,United States,571.3,852.4
jacquelinef143,144,Cinema & Actors/actresses,62.2,India,347.8,424.3
garethbale11,145,Sports with a ball,47.8,Spain,342.3,538.6
norafatehi,146,Cinema & Actors/actresses,41.2,India,507,625.7
sabrinacarpenter,147,Music,27.4,Brazil,756.6,928.8
marcelotwelve,148,Sports with a ball,57.2,Spain,300.9,446.2
rohittt_09_,149,Shows,23.6,India,753.1,1100
jasonstatham,150,Cinema & Actors/actresses,30.7,Iran,549.9,811.9
thedeverakonda,151,Cinema & Actors/actresses,16,India,1300,1600
theestallion,152,Music,29.1,United States,486.6,850.2
theweeknd,153,Music,40.3,United States,446.6,607
shahidkapoor,154,Cinema & Actors/actresses,35.3,India,608.7,688.5
elrubiuswtf,155,Computers & Gadgets,17,Mexico,1300,1400
annehathaway,156,Cinema & Actors/actresses,24.4,United States,737.6,972.3
sydney_sweeney,157,Cinema & Actors/actresses,13.6,United States,923.9,1700
erling.haaland,158,Sports with a ball,17.1,Brazil,909.8,1400
lewishamilton,159,Racing,29,Brazil,553.7,793.7
hegdepooja,160,Cinema & Actors/actresses,20.7,India,961.1,1100
luissuarez9,161,Sports with a ball,44.1,Brazil,347.4,520.8
championsleague,162,Sports with a ball,95.7,Brazil,175.8,237.7
433,163,Sports with a ball,50.8,Spain,266.7,441.3
eminem,164,Music,36.2,Iran,481.3,621.4
rohitsharma45,165,Sports with a ball,24.4,India,810.3,914.3
zkdlin,166,Music,14.1,Indonesia,1300,1600
sidhu_moosewala,167,,10.8,India,1700,2100
jichangwook,168,Cinema & Actors/actresses,20.6,Indonesia,836.5,1100
jamesrodriguez10,169,Sports with a ball,49.8,Colombia,286.1,436.9
na.jaemin0813,170,,9.8,Indonesia,1800,2300
greeicy,171,Cinema & Actors/actresses,21.2,Colombia,753.5,1000
emmachamberlain,172,Lifestyle,15.9,United States,873.5,1300
evaluna,173,Music,20.7,Argentina,744.1,1000
henrycavill,174,Cinema & Actors/actresses,21.3,Brazil,826.5,1000
carlinhosmaiaof,175,Lifestyle,25.8,Brazil,457.4,837
domelipa,176,Lifestyle,18.9,Mexico,915.5,1100
saraalikhan95,177,Cinema & Actors/actresses,40.7,India,424.3,518.3
m10_official,178,Sports with a ball,24.5,Turkey,617.1,866.6
cznburak,179,Food & Cooking,37,Turkey,418.5,566.2
imhyoseop,180,Lifestyle,8.5,Indonesia,2100,2500
vancityreynolds,181,Cinema & Actors/actresses,44.5,United States,362.3,467.9
stephencurry30,182,Sports with a ball,44.7,United States,344.3,462.1
strangerthingstv,183,Shows,20.5,Brazil,727.5,974
justintimberlake,184,Cinema & Actors/actresses,65.5,United States,226.5,299.5
feliciathegoat,185,Music,13,United States,911.4,1500
haileesteinfeld,186,Cinema & Actors/actresses,19.1,United States,796.2,1000
lukamodric10,187,Sports with a ball,24.3,Spain,537.8,787.4
renebaebae,188,Lifestyle,10.7,Indonesia,1500,1800
do0_nct,189,Lifestyle,10.3,Indonesia,1400,1800
paulpogba,190,Sports with a ball,54.7,Brazil,190.8,339.5
heybiblee,191,Modeling,14.4,Indonesia,926.6,1300
sergioramos,192,Sports with a ball,52.3,Spain,222.1,343
nattinatasha,193,Cinema & Actors/actresses,35.9,Mexico,417.9,502.2
thinkaboutzu,194,,6.6,United States,0,2800
awez_darbar,195,Humor & Fun & Happiness,21.4,India,694.6,831.4
bizarrap,196,Music,13.5,Argentina,1100,1300
nina,197,Cinema & Actors/actresses,25.7,Brazil,479.9,687.6
leedongwook_official,198,Cinema & Actors/actresses,14.6,Indonesia,904.6,1200
_imyour_joy,199,Lifestyle,14,Indonesia,1000,1200
bambam1a,200,Music,16.6,Brazil,840.2,1100
anuel,201,Music,28.8,Spain,399.2,613.7
momo,202,Modeling,6.9,Turkey,1700,2600
momo,203,,6.9,Turkey,1700,2600
zidane,204,Sports with a ball,33.1,Spain,379.8,517.9
marshmello,205,,29.4,,0,579.2
hardikpandya93,206,Sports with a ball,21.7,India,625.4,784.1
sza,207,Music,12.3,United States,819.7,1400
zachking,208,Humor & Fun & Happiness,24.7,Indonesia,447,687.7
anitta,209,Music,62.9,Brazil,145.8,269.5
liluzivert,210,Music,16.1,United States,568.5,1000
kartikaaryan,211,Cinema & Actors/actresses,25.5,India,523.3,651
louist91,212,Music,18.5,Brazil,658.4,901.1
nehakakkar,213,Music,70.4,India,199.6,231.8
iamhalsey,214,Music,30.1,United States,410,539
thenameisyash,215,Cinema & Actors/actresses,10.9,India,1300,1500
davidbeckham,216,Sports with a ball,74.5,India,169,217.1
marshmello,217,Music,29.4,,0,547.6
janhvikapoor,218,Cinema & Actors/actresses,17.7,India,762.3,910.2
lilbaby,219,Music,19.8,United States,442.1,815.8
onyourm__ark,220,Lifestyle,9,Indonesia,1400,1800
bbrightvc,221,Cinema & Actors/actresses,15.5,Indonesia,851.2,1000
serna_amini,222,,9.1,Iran,1300,1800
riaricis1795,223,Lifestyle,31.3,Indonesia,412.3,504.4
hannahstocking,224,Modeling,22.1,United States,493.5,699.8
iansomerhalder,225,Cinema & Actors/actresses,23.1,United States,447,668.3
somsomi0309,226,Music,15.1,Indonesia,808.8,1000
mirella,227,Music,27.2,Brazil,265.4,560.6
iamferv,228,Lifestyle,10,Mexico,1100,1500
skuukzky,229,Clothing & Outfits,17.9,Indonesia,678.7,837.2
anushkasen0408,230,Cinema & Actors/actresses,38,India,336.7,393.2
kunaguero,231,Sports with a ball,23.5,Argentina,363.4,628.4
psg,232,Sports with a ball,61.2,Brazil,143.2,240.5
mr_faisu_07,233,Modeling,27.9,India,418.7,535.5
larasilva,234,Shows,17.4,Brazil,551.2,850.1
paulolondra,235,Music,13.8,Argentina,678.8,1100
winmetawin,236,Lifestyle,13.8,Philippines,938.2,1100
taeoxo_nct,237,Lifestyle,9.4,Indonesia,1200,1600
tinistoessel,238,Music,18.3,Argentina,592.3,793.7
klrahul,239,Sports with a ball,12.9,India,872.1,1100
hero_ft,240,Cinema & Actors/actresses,7.6,Brazil,1200,1900
johnnyjsuh,241,Lifestyle,8.7,Indonesia,1300,1600
carryminati,242,Computers & Gadgets,15.9,India,752.5,885.8
jessicah_o,243,Music,12.1,United States,909.2,1200
samoylovaoxana,244,Lifestyle,15.2,Russia,679.4,923.3
colesprouse,245,Modeling,36,United States,292.1,382.5
tigerjackieshroff,246,Cinema & Actors/actresses,35.4,India,315.2,385.9
m.by__sana,247,,6.3,United States,0,2200
holyhaein,248,,10.2,Indonesia,1100,1300
manurios,249,Shows,11.1,Mexico,711.7,1200
mina_sr_my,250,,5.6,United States,0,2400
juandediospantoja,251,Cinema & Actors/actresses,22.3,Mexico,517.7,591.2
rauwalejandro,252,Music,15,Spain,605.4,876
luvadepedreiro,253,Sports with a ball,15.3,Brazil,377.5,855.4
ronaldinho,254,Sports with a ball,67.4,Brazil,108.8,192.3
avneetkaur_13,255,Cinema & Actors/actresses,32.3,India,329.9,402.5
xeesoxee,256,Lifestyle,9.3,Indonesia,1100,1400
daddyyankee,257,Music,45.8,Argentina,204.4,284.4
iambeckyg,258,Music,32.8,Mexico,324.2,389.7
xxxibgdrgn,259,Fashion,21.2,Indonesia,475.6,602.8
ileana_official,260,Cinema & Actors/actresses,14.9,India,702.1,852.8
taeyeon_ss,261,Music,18.7,South Korea,559.6,681.1
sunnyleone,262,Cinema & Actors/actresses,53.1,India,177.1,238.7
soohyun_k216,263,,13.7,Indonesia,753.3,918.1
keniaos,264,Music,13.6,Mexico,712.4,926.9
maisa,265,Music,44,Brazil,210.6,284.7
vickykaushal09,266,Cinema & Actors/actresses,14.1,India,752.9,883.9
riyaz.14,267,Art/Artists,27.3,India,353.4,460.1
sachintendulkar,268,Sports with a ball,35.1,India,289.9,346.5
layzhang,269,Music,14.2,Indonesia,814.8,865.9
varundvn,270,Cinema & Actors/actresses,43.2,India,227.7,279.5
trippieredd,271,Music,13.1,United States,472.5,926
clean_0828,272,Lifestyle,8,Indonesia,1200,1500
nayeonyny,273,,6.6,United States,0,1900
angelrai07,274,Humor & Fun & Happiness,20.5,India,487.2,587.5
chaeyo.0,275,,5.8,United States,0,2100
liampayne,276,Music,24.4,United States,350.9,489.8
lomon991111,277,Lifestyle,5.7,,0,2100
psg,278,Sports with a ball,61.2,Brazil,113.7,191.8
hi_sseulgi,279,Modeling,12.5,Indonesia,743.9,932.8
charlieputh,280,Music,16.5,United States,491.1,697.7
ashishchanchlani,281,Cinema & Actors/actresses,14.6,India,638.4,780.4
iammichelemorroneofficial,282,Cinema & Actors/actresses,14.9,Brazil,534.7,766.6
_zyozyo,283,,5.5,United States,0,2100
anguscloud,284,Lifestyle,8.2,United States,831,1400
shaymitchell,285,Beauty,33.8,United States,234.1,326.7
kiaraaliaadvani,286,Cinema & Actors/actresses,24.3,India,400.5,453.7
krisjenner,287,Shows,48.9,United States,148.3,224.2
perrieedwards,288,Modeling,15.5,Brazil,452.3,705.7
yaocabrera,289,Computers & Gadgets,14.7,Argentina,342.3,741.5
tenlee_1001,290,Music,9.8,Indonesia,877.3,1100
min9yu_k,291,Music,6.9,Indonesia,1300,1600
alexandradaddario,292,Cinema & Actors/actresses,22.6,India,388.3,475.1
alidaei,293,Sports with a ball,9,Iran,739.5,1200
gatenm123,294,Cinema & Actors/actresses,17,Brazil,474.8,626.7
yaocabrera,295,Business & Careers,14.3,Argentina,343,743.5
_rl9,296,Sports with a ball,26.8,Poland,312.5,397.1
bighit_ent,297,Music,13,Indonesia,660.3,813.9
kimjuncotton,298,Lifestyle,10.3,Indonesia,859.1,1000
whinderssonnunes,299,Humor & Fun & Happiness,58.6,Brazil,114.5,179.4
jy_piece,300,,4.8,United States,0,2200
imsebastianstan,301,Cinema & Actors/actresses,9.4,United States,933.1,1100
therealcalebmclaughlin,302,Cinema & Actors/actresses,14.2,United States,493.3,724.2
nct,303,Music,14.4,Indonesia,541.4,709.2
yuu_taa_1026,304,,8.4,Indonesia,950.4,1200
m_kayoung,305,Cinema & Actors/actresses,8.3,Indonesia,930.3,1200
yellow_3to3,306,Lifestyle,5.9,Indonesia,1400,1700
_mariahwasa,307,,8.2,Brazil,973.8,1300
rudeth,308,Humor & Fun & Happiness,6.5,United States,1000,1600
mont.pantoja,309,,12,Mexico,699.7,832.7
mariaalice,310,,7.3,Brazil,667.5,1400
enhypen,311,Music,10.5,Indonesia,678.9,952.4
realbarbarapalvin,312,"Modeling, Fashion",17.9,Russia,412.1,556
marktuan,313,Cinema & Actors/actresses,12.8,Thailand,590.8,776.3
maudyayunda,314,Music,16.9,Indonesia,394.8,581.3
bretmanrock,315,Art/Artists,18.4,United States,315.5,531
elrodrigocontreras,316,Lifestyle,12.9,Mexico,684.5,754.7
nct127,317,Music,14.1,Indonesia,555.1,685.8
wwiinn_7,318,,7.3,Indonesia,1200,1300
lizasoberano,319,Modeling,17.3,Philippines,467.4,557.7
bellapoarch,320,Lifestyle,14.1,United States,502.1,677.8
bhuvan.bam22,321,Cinema & Actors/actresses,14.8,India,525.4,650
txt_bighit,322,Family,12.5,Indonesia,604.8,763
dahhyunnee,323,,5.3,United States,0,1800
jamescharles,324,Beauty,22.9,United States,282.8,414
taehyung.bighitentertainment,325,Management & Marketing,10,Indonesia,909.7,960.7
postmalone,326,Music,22.4,United States,274.8,420.2
ssinz7,327,Cinema & Actors/actresses,13.7,Indonesia,555.7,683.1
o.dembele7,328,Sports with a ball,10.9,Spain,503.1,862.3
ranveersingh,329,Cinema & Actors/actresses,40.1,India,179.2,233.4
jinyoung_0922jy,330,Music,9.9,Indonesia,725.8,959.7
luisasonza,331,Music,29.5,Brazil,198.7,315.7
bellathorne,332,Music,25.4,United States,217.3,365
ksi,333,Music,11.6,United Kingdom,565.8,794
kevindebruyne,334,Sports with a ball,18,United Kingdom,322.4,499.5
marvel,335,Cinema & Actors/actresses,65.4,United States,115.9,136.6
arigameplays,336,,11,Mexico,669.1,803.9
fedez,337,Music,14.2,Italy,449.7,622.1
prattprattpratt,338,Cinema & Actors/actresses,37.4,United States,180.7,235.1
itzy.all.in.us,339,Music,17.2,Indonesia,414.3,507.3
lestykejora,340,Music,25.7,Indonesia,263,339
jbalvin,341,Music,52.8,Mexico,125,163.6
kehlani,342,Music,14,United States,392.3,611.8
manchesterunited,343,Sports with a ball,59,United Kingdom,92.3,145.2
peytonlist,344,Cinema & Actors/actresses,20.2,United States,281.8,422.7
wi__wi__wi,345,Lifestyle,10.1,South Korea,691.6,832.2
dixiedamelio,346,Clothing & Outfits,25,United States,228.9,335.5
vinniehacker,347,Lifestyle,5.8,United States,695.7,1500
madhuridixitnene,348,Cinema & Actors/actresses,32,India,225.3,259.6
mathildtantot,349,Lifestyle,10.2,United States,533.1,807
keerthysureshofficial,350,Cinema & Actors/actresses,13.4,India,539.3,616.3
ibaillanos,351,Art/Artists,7.8,Spain,725.4,1000
easymoneysniper,352,Sports with a ball,13.1,United States,325.4,610.9
michelleobama,353,Finance & Economics,50.3,United States,144.7,159.8
ross_lynch,354,Cinema & Actors/actresses,10.2,United States,392.6,783.8
attahalilintar,355,Art/Artists,23.9,Indonesia,243.2,333.3
lizgillz,356,Cinema & Actors/actresses,14.1,Mexico,389.5,563.7
cbum,357,Fitness & Gym,9,United States,542,895
hassan_reyvandi,358,Humor & Fun & Happiness,19.5,Iran,296.5,410.2
nicki.nicole,359,Music,12.2,Argentina,439,649.5
demirose,360,"Modeling, Fashion",19.9,United States,305.4,398.2
natashawilona12,361,Beauty,38.9,Indonesia,170.1,200.7
lexibrookerivera,362,Humor & Fun & Happiness,8.5,United States,765,956.8
thebursin,363,Cinema & Actors/actresses,10.7,Russia,567.8,741.7
imouniroy,364,Cinema & Actors/actresses,23.9,India,267.8,324.4
yasmine_sabri,365,Cinema & Actors/actresses,19.4,Egypt,286.1,401.7
kevinhart4real,366,Cinema & Actors/actresses,148.8,United States,35.5,52.3
sidmalhotra,367,Cinema & Actors/actresses,19.9,India,311.5,387.1
sommerray,368,Modeling,26.5,United States,184.7,289.8
brunamarquezine,369,Cinema & Actors/actresses,43.1,Brazil,105.1,181.8
miguel.g.herran,370,Cinema & Actors/actresses,14.1,Brazil,362.2,545.5
louispartridge_,371,Cinema & Actors/actresses,7.6,United States,691.5,1000
pubity,372,Humor & Fun & Happiness,31.8,United States,166,241.7
taina,373,Music,16,Brazil,227.9,475.5
alok,374,Music,27.7,Brazil,215,275.5
camilo,375,Music,27.5,Argentina,173.6,275.4
alwaysramcharan,376,Cinema & Actors/actresses,8.1,India,842.7,944
lilyjcollins,377,Cinema & Actors/actresses,27,United States,186.7,277.6
lilnasx,378,Music,12.5,United States,358.9,600.8
sportscenter,379,Sports with a ball,31.3,United States,132.9,239.6
phil.coutinho,380,Sports with a ball,25,Brazil,182.8,297.7
thenotoriousmma,381,Fitness & Gym,45.8,United States,110.9,162.9
ms_puiyi,382,Adult content,18.7,United States,309.1,395.8
mo.on_air,383,,4.9,Indonesia,1300,1500
nickjonas,384,Music,32.9,United States,155.5,222.3
hyunah_aa,385,Music,18.1,South Korea,339.4,402.9
todayis_wendy,386,,6.9,Indonesia,892.2,1100
weareone.exo,387,Music,10,Indonesia,579.8,727.9
lildurk,388,Music,13.9,United States,186.2,524.5
hunterschafer,389,,7.3,United States,606.2,998.2
sadiomaneofficiel,390,Sports with a ball,11.6,United Kingdom,435.7,621.8
9gag,391,Humor & Fun & Happiness,58.2,Indonesia,95.7,123.4
for_everyoung10,392,Lifestyle,5.1,Indonesia,1100,1400
caradelevingne,393,Modeling,43,United States,120,166.5
euphoria,394,,7.9,United States,566.2,913.7
saweetie,395,Cinema & Actors/actresses,13.2,United States,233.7,542.6
daquan,396,Humor & Fun & Happiness,16.8,United States,272.4,420.3
i_m_hendery,397,,6.2,United States,891.4,1200
darshanravaldz,398,Music,15.3,India,384.9,465.2
jadepicon,399,"Modeling, fashion",20.7,Brazil,160.1,354.7
barbieferreira,400,Lifestyle,6.3,United States,620,1100
i_m_hendery,401,,6.2,United States,891.4,1200
darshanravaldz,402,Music,15.3,India,384.9,465.2
kyo1122,403,Cinema & Actors/actresses,13.3,Indonesia,411.6,524.4
barbieferreira,404,Cinema & Actors/actresses,6.3,United States,620,1100
rakulpreet,405,Cinema & Actors/actresses,22.1,India,267.5,314.5
leaelui,406,"Modeling, fashion",11.6,India,358.1,602.1
simoneses,407,Music,34.8,Brazil,157.9,200
marvelstudios,408,Comics & sketches,37.4,India,163.6,183
angeldimariajm,409,Sports with a ball,17.9,Argentina,259.6,381.9
juliette,410,Cinema & Actors/actresses,33.7,Brazil,130.6,207.7
mingue.k,411,Shows,5.8,Indonesia,990.9,1200
obj,412,Sports with a ball,16.2,United States,219,416
goar_avetisyan,413,Beauty,11.6,Russia,421.3,583.1
yerimiese,414,Lifestyle,10.7,Indonesia,506,627.3
demetozdemir,415,Cinema & Actors/actresses,15.3,India,344.4,439.5
burakozcivit,416,Cinema & Actors/actresses,21.6,Turkey,255.6,309.6
gururandhawa,417,Music,32.8,India,163.9,201.6
dntlrdl,418,Lifestyle,6.5,Indonesia,791.2,1000
yangyang_x2,419,,6.4,Indonesia,833.1,1100
rachel_mypark,420,Cinema & Actors/actresses,10.2,Indonesia,519.3,647
parishilton,421,Modeling,19.6,United States,202.5,334.2
jhope_bighitentertainment,422,Lifestyle,7.9,Brazil,753.3,825.8
evcenf,423,Lifestyle,13.2,Turkey,389.6,491.5
iynemliarasbulut,424,Cinema & Actors/actresses,10.3,Turkey,447.9,626.1
yejinhand,425,Cinema & Actors/actresses,6.9,Indonesia,719.2,935.8
jin_bighitentertainment,426,Lifestyle,8.2,Indonesia,685.5,779.5
thibautcourtois,427,Sports with a ball,10.7,Spain,406.4,589.8
kun11xd,428,Lifestyle,6.7,Indonesia,758.3,947.1
sonamkapoor,429,"Modeling, fashion",33.1,India,159.5,189.3
_shotaroo_,430,Lifestyle,5.4,Indonesia,907.2,1200
raphaelvarane,431,Sports with a ball,19.1,Spain,217.3,326.9
pugachevmark,432,Cars & Motorbikes,14.1,Russia,300.3,441
shehnaazgill,433,Cinema & Actors/actresses,11.6,India,463.7,586.7
thenewclassic,434,Music,16.4,United States,234.9,379.8
vanessahudgens,435,Cinema & Actors/actresses,46.4,United States,82,133.6
mariabecerra,436,Music,9.8,Argentina,271.8,641.3
jennaortega,437,Cinema & Actors/actresses,8.2,United States,538.9,767.8
aron.piper,438,Music,13.9,Brazil,235.9,444.8
_seorina,439,Cinema & Actors/actresses,6,South Korea,840.1,1000
teddysphotos,440,Music,39.5,United States,113.4,155.2
larissamanoela,441,Cinema & Actors/actresses,46.1,Brazil,80.8,132.8
paulwesley,442,Cinema & Actors/actresses,12.3,Brazil,330.9,494.3
djxiao_888,443,,6.9,Indonesia,720.3,901
parineetichopra,444,Cinema & Actors/actresses,37,India,141.3,164.4
romeosantos,445,Music,19.2,United States,259.7,319.7
duki,446,Music,10.1,Argentina,390.5,600.8
conangray,447,Music,6.4,Brazil,639.6,955.4
jessnolimit,448,Shows,7.3,Indonesia,698.2,836.5
k.kbeom,449,,5.3,Indonesia,931.7,1100
chiaraferragni,450,Beauty,27.5,Italy,129.4,216.3
nadin_serovski,451,Family,9.4,Russia,471.3,648.7
adamweitsman,452,Business & Careers,17.5,Russia,247,337.4
anupamaparameswaran96,453,Cinema & Actors/actresses,12.2,India,421.5,482.2
superstar_dewasi99,454,Cinema & Actors/actresses,12.6,India,297.1,468.8
offsetyrn,455,Music,19.9,United States,165.6,295.9
angeldimariajm,456,Sports with a ball,17.7,Argentina,224.3,331.3
juanpazurita,457,Cinema & Actors/actresses,29.8,Mexico,138.3,196.7
antogriezmann,458,Sports with a ball,36.4,Spain,99.5,160.9
jungkook_bighitentertainment,459,Management & Marketing,9.5,Brazil,550.7,624.9
ana_d_armas,460,Cinema & Actors/actresses,7.1,United States,616.3,834
dkharbour,461,Cinema & Actors/actresses,8.5,United States,531.6,696.7
ldh_sky,462,,5.6,Indonesia,823.7,1100
aboflah,463,Humor & Fun & Happiness,7.4,Iraq,690.3,829
polo.capalot,464,Music,10.5,United States,335.5,551.7
zefelipecantor,465,Music,24.6,Brazil,134.5,236.5
yuyacst,466,Modeling,17.2,Mexico,218.1,334.7
fuji_an,467,Lifestyle,11.8,Indonesia,205.4,488.2
anahi,468,Music,9.8,Brazil,344.7,605
kingbach,469,Music,22.7,United States,126.4,253.1
yoona__lim,470,Cinema & Actors/actresses,13.5,Indonesia,352.9,422.9
gianlucavacchi,471,Lifestyle,22.4,Brazil,166.3,256.1
xavi,472,Sports with a ball,9,Spain,428.7,643
anjimaxuofficially,473,Lifestyle,11.5,India,391.1,499.7
khabib_nurmagomedov,474,Fitness & Gym,33.5,Russia,119.8,168.6
jimmyfallon,475,Humor & Fun & Happiness,22.4,United States,201.1,251
gusttavolima,476,Music,43.8,Brazil,77.1,129.7
julesleblanc,477,Music,9.7,United States,404.2,584.6
ananyapanday,478,Cinema & Actors/actresses,23,India,207.2,243.1
nickyjam,479,Music,43.4,Colombia,109.3,129.6
travisbarker,480,Lifestyle,7.6,United States,521.8,738.8
nikefootball,481,Sports with a ball,45.2,Brazil,79.1,122.2
juansguarnizo,482,,5.9,Mexico,873.7,957.2
thehughjackman,483,Cinema & Actors/actresses,30.5,United States,159.1,180.9
c.syresmith,484,Cinema & Actors/actresses,19.1,United States,186.6,288.2
itsmarziapie,485,Beauty,8.3,United States,574.9,671.6
jailyneojeda,486,Modeling,14.2,United States,280.5,387.7
yooncy1,487,,4.9,South Korea,938.5,1100
gioewbank,488,Cinema & Actors/actresses,28.4,Brazil,121.2,192.7
indiancricketteam,489,Sports with a ball,24.6,India,189.9,221.4
yugyeom,490,Cinema & Actors/actresses,11.4,Thailand,373,482.6
deiveleonardo,491,Literature & Journalism,11.7,Brazil,255.6,470.9
urvashirautela,492,Cinema & Actors/actresses,53,India,85.7,103
aliiiiiiiikarimi8,493,Sports with a ball,9.4,Iran,390.5,588
fabriziorom,494,Literature & Journalism,8.6,Italy,368.5,638
sanchooo10,495,Sports with a ball,8.6,United Kingdom,362.9,634
joeyking,496,Music,19,Brazil,195.5,280.3
nianaguerrero,497,Music,14.2,Indonesia,297.5,373.3
hshq,498,Music,6.3,United States,488.2,859
lacasadepapel,499,Shows,12.8,Brazil,274.8,412.7
fcbayern,500,Sports with a ball,33.3,Germany,109.2,159.4
choi_seung_hyun_tttop,501,,14.3,Indonesia,316.6,374.6
vousmevoyez,502,Music,10.3,Indonesia,393.9,510.7
pefabiodemelo,503,Lifestyle,25.7,Brazil,137.5,207.4
rahulkl,504,,12.3,India,366.1,427.1
donya,505,Fashion,15.2,Iran,231.4,366.4
sav.labrant,506,Family,7.1,United States,556.4,744.3
abdevilliers17,507,Sports with a ball,18.4,India,245.3,283.6
arishfakhan138,508,Cinema & Actors/actresses,29.3,India,145.7,177.9
liamhemsworth,509,Cinema & Actors/actresses,13.1,United States,275.9,391.8
iscoalarcon,510,Sports with a ball,24.9,Spain,142.1,205.9
jimin_bighitentertainment,511,,8.8,Indonesia,528.2,585.1
lucasranngel,512,Lifestyle,19.8,Brazil,116.9,258.7
dear.zia,513,Lifestyle,3.7,South Korea,1200,1400
hakkiakdenizz,514,Business & Careers,23.5,Russia,149.1,215.1
dra.deolanebezerra,515,Lifestyle,14.4,Brazil,164.7,352.9
jokowi,516,Finance & Economics,47.4,Indonesia,87.3,107.2
nusr_et,517,Food & Cooking,46.9,Turkey,73.6,108.6
fortnite,518,Computers & Gadgets,25.9,United States,165.2,195.4
loud_victor,519,Sports with a ball,10.7,Brazil,372.2,474.1
cvillaloboss,520,Cinema & Actors/actresses,20.1,Colombia,204.1,250.7
dylansprouse,521,Cinema & Actors/actresses,9.2,United States,351,551.1
melissamelmaia,522,Music,12.9,Brazil,213.2,386.6
sofiaalcastro,523,Shows,8.8,Colombia,424.6,577.9
litkillah,524,Music,7.9,Argentina,485.7,640.4
21savage,525,Music,13.5,United States,210.6,370.6
amitabhbachchan,526,Cinema & Actors/actresses,30.7,India,141.4,162.6
maya_hawke,527,Music,7.3,United States,501.7,694.6
tatawerneck,528,Cinema & Actors/actresses,53.6,Brazil,58.9,93.3
viihtube,529,Cinema & Actors/actresses,23.5,Brazil,112.1,210.6
hm_son7,530,Sports with a ball,7.4,Brazil,417.3,678.8
davido,531,Music,24.6,Nigeria,148.4,206.5
leonardodicaprio,532,Cinema & Actors/actresses,54.2,United States,74.3,91.1
bernardokath,533,Beauty,17.3,Philippines,233.7,282.1
chloegmoretz,534,Cinema & Actors/actresses,21.1,United States,173.9,232.3
wizkidayo,535,Music,14.9,Nigeria,175.2,340.9
melo,536,Sports with a ball,9,United States,269.7,548.1
jimena.jimenezr,537,,5.8,Mexico,581.1,839.2
gessicakayane,538,Humor & Fun & Happiness,20,Brazil,117.5,242.6
andreavaldirisos,539,Lifestyle,8.6,Colombia,400.1,569.1
joaogomescantor,540,Family,12.8,Brazil,137.6,377.3
quavohuncho,541,Music,21.4,United States,135.8,222.6
travisbarker,542,Lifestyle,7.6,United States,446.3,631.5
caviarmagnat,543,,15.1,Russia,216.8,313.8
suga_bighitentertainment,544,Music,7.6,Indonesia,558.5,630.3
pablogavi,545,,4.7,,0,1000
netflixbrasil,546,Shows,31.8,Brazil,87.8,149.4
ridwankamil,547,Literature & Journalism,18.4,Indonesia,169,257.1
beautifuldestinations,548,Photography,24.7,United States,142.1,190.6
angelinajolie,549,Lifestyle,13.2,Brazil,216.4,358.5
corinnakopf,550,Beauty,6.7,United States,461.9,707.1
angelinajolie,551,Family,13.2,Brazil,216.4,358.3
asabopp,552,Cinema & Actors/actresses,5.8,Brazil,555.7,812.7
naileadevora,553,Shows,5.2,United States,613.7,906.7
lizakoshy,554,Cinema & Actors/actresses,20.1,United States,173.4,231.5
marimaria,555,Beauty,20.1,Brazil,119.7,230.5
ronaldo,556,Sports with a ball,23,Brazil,116.6,201.9
gisele,557,"Modeling, fashion",19.4,Brazil,161.7,240.1
liverpoolfc,558,Sports with a ball,39.5,United Kingdom,82.3,116.7
nehasharmaofficial,559,Cinema & Actors/actresses,14.6,India,274,315.2
marcusrashford,560,Sports with a ball,12.8,United Kingdom,227.9,360.5
golfarahani,561,Cinema & Actors/actresses,13.4,Iran,266.4,343.3
fuckjerry,562,Humor & Fun & Happiness,16.8,United States,212.2,274
nazriyafahadh,563,Lifestyle,6.1,India,567.2,759.9
kyrieirving,564,Sports with a ball,16.9,United States,178.9,271.3
xsqueezie,565,Music,7.9,France,499.4,584.2
actorsuriya,566,Cinema & Actors/actresses,4.9,India,731.7,949.4
easportsfifa,567,Sports with a ball,26.7,Spain,100.5,169.5
nessabarrett,568,Lifestyle,7,United States,481,651.7
trentarnold66,569,Sports with a ball,7.6,United Kingdom,408.4,598.3
madisonbaileybabe,570,Lifestyle,6.7,United States,362.4,678.6
jackharlow,571,Music,6.7,United States,360.7,673.9
victoriajustice,572,Modeling,22.7,United States,144.7,196.8
amauryguichon,573,Food & Cooking,9,United States,407.2,497.2
phoebejtonkin,574,Modeling,8.4,United States,373,532.6
vanessamorgan,575,Music,9.5,United States,330.5,470.7
smriti_mandhana,576,Sports with a ball,6.2,India,621.3,720.2
shreyaghoshal,577,Music,24.4,India,160.2,180.3
achrafhakimi,578,Sports with a ball,9.9,Morocco,304.1,446.8
aleoliveiracm,579,Humor & Fun & Happiness,8.4,Brazil,214.9,549.8
xuminghao_o,580,Music,4.9,Indonesia,721.9,910.3
nita_shilimkar,581,"Modeling, fashion",11.3,India,289.8,383
jeromepolin,582,Education,6.9,Indonesia,429.8,630.4
sound_of_coups,583,,3.9,Indonesia,863.9,1100
aishwaryaraibachchan_arb,584,Cinema & Actors/actresses,10.4,India,320.2,408.7
emiliamernes,585,Music,6,Argentina,379.6,714.3
geewonii,586,,7.6,Indonesia,428,563.4
markiplier,587,Shows,10.4,United States,355.4,404.7
jairmessiasbolsonaro,588,Finance & Economics,20.2,Brazil,151.6,213.1
loganpaul,589,Fitness & Gym,23.3,United States,135,179.7
klaythompson,590,Sports with a ball,12.9,United States,223.3,324.2
malutrevejo,591,Music,11.6,United States,201.4,361.2
virgilvandijk,592,Sports with a ball,12.3,United Kingdom,238.5,338.6
frenkiedejong,593,Sports with a ball,10.6,Spain,262.4,393.9
karelyruiz,594,Lifestyle,6.4,Mexico,525.7,660.2
ciara,595,Music,32.3,United States,95.7,129.2
joshu_acoustic,596,Music,4.2,,0,1000
actorprabhas,597,,8.6,India,434.2,486
avani,598,Beauty,18.9,United States,160.8,216.9
jensenackles,599,Cinema & Actors/actresses,9.6,United States,336.9,438.3
jaybnow.hr,600,Music,6.9,Brazil,463.3,607.3
jensenackles,601,Cinema & Actors/actresses,9.6,United States,336.9,438.3
jaybnow.hr,602,Music,6.9,Brazil,463.3,607.3
missasinfonia,603,Cinema & Actors/actresses,5.4,Mexico,688.6,771.8
mattyperry4,604,,7.9,Brazil,387.2,528.6
__youngbae__,605,Music,13.4,Indonesia,269.6,304.7
zoeisabellakravitz,606,Cinema & Actors/actresses,8.5,United States,318.5,483.3
premierleague,607,Sports with a ball,57.9,United Kingdom,47.8,69.8
catherinemcbroom,608,Family,7.4,United States,324.5,558
nehasharmaofficial,609,Cinema & Actors/actresses,14.6,India,240.8,276.2
ridwankamil,610,Literature & Journalism,18.3,Indonesia,145.4,220.6
kit.connor,611,Cinema & Actors/actresses,4.3,United States,570.1,944.6
toni.kr8s,612,Sports with a ball,34.2,Germany,85.8,117.1
memezar,613,Cinema & Actors/actresses,23.4,United States,114.9,171
dew_jsu,614,Cinema & Actors/actresses,6.1,Indonesia,495.5,666.3
amadorat,615,Fashion,8.2,Mexico,434.7,485.5
urstrulymahesh,616,Cinema & Actors/actresses,8.7,India,419.8,461.9
xuminghao_o,617,Music,4.8,Indonesia,659.9,832
theslumpgod,618,Music,5.4,United States,428.6,745.4
tiffanyyoungofficial,619,Modeling,12.3,Indonesia,255.7,320.3
juventus,620,Sports with a ball,54,India,48.4,72.3
iam_linyi,621,,3.9,Indonesia,768.1,1000
angeliqueboyer,622,Cinema & Actors/actresses,14.2,Brazil,219.5,275.9
pozevidalouca,623,Lifestyle,7,Brazil,228.5,574
narins_beauty,624,Lifestyle,9,Syria,362,442
bhadbhabie,625,Music,16.4,United States,125.7,236.2
otabek_muhammadalievich,626,,20,Russia,144.5,195.2
sushitrash,627,Music,6.3,United States,511.3,624.9
djsnake,628,Music,9.5,India,345,409.9
kareenakapoorkhan,629,Cinema & Actors/actresses,9.4,India,333.6,415.8
dindahw,630,Cinema & Actors/actresses,14.5,Indonesia,177,264.8
chrismcg,631,,10.6,United States,163.7,360.4
aslisona,632,Cinema & Actors/actresses,23,India,137.3,166.8
f1,633,Racing ,19.8,Italy,150.8,191.7
davidalaba,634,Sports with a ball,10.1,Spain,264.5,374.9
haifawehbe,635,Music,10.1,Iraq,258.5,378.2
zo,636,Sports with a ball,14.2,United States,147.9,267.1
felipeneto,637,Lifestyle,16,Brazil,167.8,237.5
jaspritb1,638,Lifestyle,9.8,India,339.2,390.1
maudeapatow,639,Lifestyle,4.9,United States,471.4,780.4
taylor_hill,640,Art/Artists,19.9,United States,126.9,189.4
regejean,641,Cinema & Actors/actresses,6.3,Brazil,380.7,603.3
anupamaparameswaran96,642,Cinema & Actors/actresses,12.2,India,267.7,306.7
vikkialchester,643,Music,11,Russia,279.3,339.9
simonettalein,644,Cinema & Actors/actresses,11.5,India,234.2,322.1
troyesivan,645,Art/Artists,13.2,United States,196.2,282.2
alvxaro,646,Lifestyle,9.7,Brazil,156.2,391
paulwalker,647,Cinema & Actors/actresses,15,India,179.8,246.7
amandacerny,648,Humor & Fun & Happiness,24,India,95.8,153.8
yamigautam,649,Cinema & Actors/actresses,16,India,198.7,230.1
candiceking,650,Family,9.9,Brazil,269.4,375.7
snoopdogg,651,Lifestyle,74.6,United States,36.9,49.8
thiago6,652,Sports with a ball,9.6,United Kingdom,226.4,389
toni.kr8s,653,Sports with a ball,34.3,Germany,78.4,106
egorkreed,654,Music,14.7,Russia,202.3,248.9
amybethmcnulty,655,Lifestyle,7.3,Brazil,364.1,499.7
charles_leclerc,656,Racing ,8,Italy,347,461.1
avengers,657,Cinema & Actors/actresses,13.5,India,213.9,268
dbook,658,Sports with a ball,5.4,United States,349.3,687
l7nnon,659,Lifestyle,8.1,Brazil,193.5,460.9
faz3,660,Lifestyle,14.4,United Arab Emirates,194.8,256.3
kentooyamazaki,661,Cinema & Actors/actresses,5,Japan,636.6,740
alishalehmann7,662,Sports with a ball,7.8,Brazil,248.2,468.8
yamigautam,663,Cinema & Actors/actresses,16,India,192.2,223.5
machinegunkelly,664,Music,9.7,United States,234,376.2
davikah,665,Modeling,16.9,Thailand,161.6,210.2
blythe,666,Cinema & Actors/actresses,13.5,Philippines,229.7,261.5
kingryan,667,Fitness & Gym,8.9,United States,267.2,403.6
sthefanematos,668,Lifestyle,9.9,Brazil,159.3,365.6
_agentgirl_,669,Shows,18.6,Russia,164.4,189.4
riyadmahrez26.7,670,Sports with a ball,9.1,Algeria,306.8,395.2
ler_chek,671,Lifestyle,10.4,Russia,264,342
arthuraguiar,672,Cinema & Actors/actresses,13.9,Brazil,116.9,270.8
harshbeniwal,673,Humor & Fun & Happiness,5.6,India,488.4,636
youngdae0302,674,Music,4.4,Indonesia,607.3,801.6
sugaringcandy,675,,2.5,,0,1400
casemiro,676,Sports with a ball,15.9,Spain,146.6,219.8
jojotodynho,677,Music,22.5,Brazil,96.5,155.3
srinidhi_shetty,678,,4.2,India,630.5,849.2
amin.hayai,679,,9,Iran,301.5,396.9
dylanminnette,680,Music,7.4,United States,292.1,474.8
djsnake,681,Music,9.6,India,308.1,366.2
aliandooo,682,Music,16.7,Indonesia,134.8,215.1
mclomaofficial,683,Music,8.1,Brazil,253.1,433.1
ewsbdi,684,,4.5,Indonesia,515.2,770.1
pokimanelol,685,Lifestyle,6.1,United States,430.6,567
emmaroberts,686,Cinema & Actors/actresses,18.1,United States,126.7,187.8
lucyhale,687,Cinema & Actors/actresses,24.5,United States,106.3,139.1
stebinben,688,Music,10.6,India,260.2,318.9
juki_lop,689,Shows,9.4,Mexico,314.5,365.5
alfinetei,690,Humor & Fun & Happiness,21.7,Brazil,71.1,160.9
centralcee,691,Lifestyle,3.7,United Kingdom,382.2,936
syifahadjureal,692,Modeling,15.4,Indonesia,177.6,219.3
d_degeaofficial,693,Sports with a ball,13.5,United Kingdom,176.1,248.8
elmarianaa,694,Humor & Fun & Happiness,3.8,Mexico,607.3,887.8
calumhood,695,Music,7,United States,305.9,490.9
coolio_daryl,696,,5.9,,0,581.3
willyrex,697,Shows,8.7,Spain,330.3,392.1
liltjay,698,Lifestyle,7.4,United States,251.6,464.5
floydmayweather,699,Fitness & Gym,28.4,United States,66.9,118.1
georgenotfound,700,,3,United States,1000,1100
onwardwanna,701,Lifestyle,5.6,United States,364.7,608.3
milad_khahhh,702,Lifestyle,6.5,Iran,379.9,541
angela_aguilar_,703,Lifestyle,8.7,Mexico,316.9,383.6
kaliuchis,704,Music,3.9,United States,491.7,848.7
joaoguilherme,705,Cinema & Actors/actresses,16.1,Brazil,105.8,205.5
harshbeniwal,706,Humor & Fun & Happiness,5.6,India,461.7,601
salmahayek,707,Cinema & Actors/actresses,21.5,United States,123.9,152.5
rezagolzar,708,Cinema & Actors/actresses,12.2,Iran,190.9,280.7
acunilicali,709,Cinema & Actors/actresses,13.7,Turkey,198.6,245.4
lacikaysomers,710,Music,12.2,United States,158.6,272.3
karna.val,711,Lifestyle,7.3,Russia,385.1,449.2
arsenal,712,Sports with a ball,22.2,United Kingdom,97.3,146
anas,713,Shows,5.7,,0,577.7
saipallavi.senthamarai,714,,5.9,India,481.1,551.9
nct_dream,715,,10.2,Indonesia,280.8,312.5
violets.tv,716,Adult content,13.9,Italy,171.7,236
tohi,717,Lifestyle,12,Iran,188.4,275.2
rodridepaul,718,Sports with a ball,4.8,Argentina,372.7,675.7
maneskinofficial,719,Lifestyle,6.1,Italy,374.4,528.4
wanda_nara,720,Lifestyle,13.6,Argentina,165.2,233.3
perspolis,721,Sports with a ball,8.1,Iran,281.2,400.1
grisha_eric,722,,12.4,Turkey,174.8,252.1
miamalkova,723,Cinema & Actors/actresses,11,India,211.9,287.6
nba,724,Sports with a ball,69,United States,29.9,45.3
gima_ashi,725,Lifestyle,14.6,India,157.3,214.4
burcuozberk,726,Cinema & Actors/actresses,9.3,Turkey,263.7,341.7
everyone_woo,727,,2.9,Indonesia,835,1100
egupta,728,Lifestyle,8.7,India,286.4,359.1
jennifer.garner,729,Cinema & Actors/actresses,13.3,United States,202.7,229.3
normani,730,Lifestyle,7.3,United States,271.1,423.6
03_hu,731,Lifestyle,4.2,South Korea,600.1,736.1
mrancelotti,732,Sports with a ball,8.4,Italy,234.7,366
jorgelopez_as,733,Cinema & Actors/actresses,9.6,Brazil,194,318.5
huddy,734,Lifestyle,11.7,United States,186.1,256.9
kenzie,735,Art/Artists,14.9,United States,132.3,201.4
f1,736,Racing ,19.9,Italy,119.9,150.8
staskaranikolaou,737,Lifestyle,11.1,United States,184.6,271.4
saharghoreyshiofficialpage,738,Lifestyle,11.6,Iran,179.7,262
beberexha,739,Music,10.8,India,188.5,279.2
dqsalmaan,740,Cinema & Actors/actresses,10.6,India,208.6,282.5
soyneiva,741,Adult content,11.9,Brazil,188.4,252.2
tamannaahspeaks,742,Music,17.2,India,148.1,172.8
dava_m,743,Business & Careers,13.6,Russia,170.9,220.9
nodal,744,Music,9.4,Mexico,220.7,324.8
vanessabryant,745,Sports with a ball,15.6,United States,144.6,189.3
littlemix,746,Music,16,Brazil,137.9,186.4
issavegas,747,Fitness & Gym,9.1,Mexico,281.7,330.8
iqbaal.e,748,Cinema & Actors/actresses,13.5,Indonesia,127.7,220
fadiljaidi,749,Lifestyle,7.7,Indonesia,259.5,389.5
briandadeyanara,750,,13,Mexico,192.5,226.6
avrillavigne,751,Music,11.4,Brazil,207.3,257.7
rafaelnadal,752,Sports with a ball,15.6,Spain,151.1,188.8
dearra,753,Lifestyle,6.3,United States,192.2,478.5
courteneycoxofficial,754,Cinema & Actors/actresses,12.2,India,180.9,239.4
superm,755,Shows,5.2,Indonesia,502.2,570.4
tamerhosny,756,Music,22.7,Egypt,105,129.1
valentinazenere,757,Modeling,10,Brazil,238.5,290.3
maddieziegler,758,Cinema & Actors/actresses,13.9,United States,139.1,208.1
canelo,759,Fitness & Gym,13.4,Mexico,154.5,215.7
vernonline,760,,4.1,,0,719.4
veradijkmans,761,Adult content,5.4,United States,391.8,550.7
willevy,762,Shows,10.6,Brazil,204.3,275.5
natalee.007,763,Modeling,7,United States,328,419.6
indiaroyale,764,Lifestyle,4.3,United States,232.1,687.7
sebastianyatra,765,Music,29.7,Argentina,70.6,97.6
yefersoncossio,766,Lifestyle,9.5,Colombia,213.2,313
nabilla,767,Beauty,7.7,France,275,378.6
andresiniesta8,768,Sports with a ball,39.7,Spain,49.4,72.2
spacex,769,Science,15,United States,157.9,191.7
letthelordbewithyou,770,Lifestyle,27.3,United States,68.8,105.1
soueunavida,771,Humor & Fun & Happiness,18.1,Brazil,84.2,159.8
tiagopzk,772,Music,5.1,Argentina,249.9,570.3
la_beaute_africaine,773,Photography,1.6,Senegal,919.9,1900
alvaromorata,774,Sports with a ball,17.4,Italy,105.7,164.1
ansufati,775,Sports with a ball,8.7,Spain,217.8,330.3
joelocke03,776,Cinema & Actors/actresses,3.1,United States,0,918.6
dagelan,777,Humor & Fun & Happiness,20.9,Indonesia,80.8,137.6
bumkeyk,778,Music,9.2,Indonesia,259.1,310.4
tombrady,779,Sports with a ball,12.5,United States,123,227.9
streetartglobe,780,Art/Artists,17,United States,123,166.8
nobru,781,Machinery & Technologies,13.5,Brazil,145.3,211.9
philfoden,782,Sports with a ball,5,United Kingdom,326.2,571.5
brycehall,783,Music,7.3,United States,304.6,390.7
kaka,784,Sports with a ball,18.7,Brazil,91,148.4
adidasfootball,785,Sports with a ball,31.5,Brazil,64.8,88.1
asala,786,Shows,6.9,United Arab Emirates,0,408.6
theamitbhadana,787,Shows,8.4,India,277.6,342.8
yg_treasure_official,788,Music,5.4,Indonesia,408.9,522.6
brfootball,789,Sports with a ball,12.4,United States,137.9,222.5
jenna_chew,790,Fitness & Gym,6.7,United States,344.9,421.4
cocielo,791,Cinema & Actors/actresses,18.7,Brazil,94.5,147.7
hyeri_0609,792,Music,7.3,South Korea,320.1,385.7
netflix,793,Cinema & Actors/actresses,30.4,Brazil,55.8,90.5
sagar_pop02,794,Lifestyle,7.5,India,237.7,373.9
skaijackson,795,Lifestyle,8,United States,198.4,350.5
dejesusoficial,796,Sports with a ball,17.5,Brazil,101.6,156.8
kawtarbamo,797,Cinema & Actors/actresses,7.4,Morocco,277,375.3
roddyricch,798,Lifestyle,6.9,United States,210.5,404.2
barackobama,799,Finance & Economics,35.4,United States,66.7,77.5
dhanushkraja,800,Cinema & Actors/actresses,4.4,India,489.7,634.4
bowerjamie,801,Cinema & Actors/actresses,3.8,Italy,547.2,730
galatasaray,802,Sports with a ball,11.5,Turkey,195.7,236.4
tomhardy,803,Lifestyle,8.7,Iran,252.6,313.5
pooorblack,804,,4.6,Iran,472.8,611.6
tejasswiprakash,805,Beauty,6.1,India,396.1,491.8
larray,806,Lifestyle,6.8,United States,277.6,406.4
princessyahrini,807,Music,39.6,Indonesia,51.4,68
celestinegonzaga,808,Music,7.6,Philippines,323.2,360.6
nicolebahls,809,Modeling,18.3,Brazil,83.8,148.8
noahbeck,810,Sports with a ball,9.2,United States,180.6,298.3
jordialbaoficial,811,Sports with a ball,14.5,Spain,128.6,185.5
teyanataylor,812,Music,15.2,United States,104.2,177.1
residente,813,Music,8.8,Colombia,202.8,314.7
sivakarthikeyan,814,,5.1,India,456,537.1
wolfiecindy,815,Modeling,7.1,United States,230.5,383.3
canelo,816,Fitness & Gym,13.4,Mexico,143.1,198.8
juliopfernandez,817,,3.5,Brazil,618.1,786.3
urassayas,818,Cinema & Actors/actresses,11.8,Thailand,185.5,226.5
loud_babi,819,Lifestyle,9.1,Brazil,186.4,300.5
aurelie.hermansyah,820,Beauty,26.6,Indonesia,80.2,100.8
watanabenaomi703,821,Cinema & Actors/actresses,9.9,Japan,257.2,273.9
sandrinna_11,822,Lifestyle,10.7,Indonesia,193.9,247.6
irinashayk,823,Modeling,18.8,Russia,102.1,140.8
pledis_boos,824,Music,4.1,Indonesia,540.2,654.9
jessicajane99,825,Lifestyle,6,Indonesia,340.9,449.4
soydannyalfaro,826,Beauty,8.1,Mexico,289.9,331.6
wdohwan,827,Cinema & Actors/actresses,4.5,Indonesia,452.2,599.2
albafloresoficial,828,Cinema & Actors/actresses,11.7,Spain,167.3,225.4
borodylia,829,Shows,18.4,Russia,116.7,143.4
markruffalo,830,Cinema & Actors/actresses,20.9,Brazil,100,127.3
adinross,831,,3,United States,509,1000
anwar,832,Shows,10.3,United States,173.7,256
iampauloandre,833,Lifestyle,10,Brazil,76.9,270.3
mirandacosgrove,834,Music,9.9,Brazil,172.6,269.2
nikitadragun,835,Beauty,9,United States,193.5,295.7
alexis_officia1,836,Sports with a ball,14.1,Chile,113,186.3
sophiedee,837,Adult content,12.3,United States,160.8,214.2
arsenal,838,Sports with a ball,22.2,United Kingdom,78.2,117.7
marcoasensio10,839,Sports with a ball,14.5,Spain,116.5,178.9
elliotpage,840,,6.1,United States,299.7,431.5
theellenshow,841,Shows,123.7,United States,20.6,21.1
dudewithsign,842,,8.1,United States,204.9,323.2
jamorant,843,Lifestyle,7.4,United States,218.9,353.7
josephquinn,844,,2.5,,0,1100
saythename_17,845,Music,9.6,Indonesia,240.1,269.6
ludmilla,846,Music,27.4,Brazil,64.7,95.8
nidhhiagerwal,847,Lifestyle,24.3,India,87.3,105.7
anirudhofficial,848,Lifestyle,6,India,342.5,433.6
kto_takaya,849,Family,7,Russia,303.5,374.4
you_r_love,850,,5.5,Indonesia,364.2,465.3
dudewithsign,851,,8.1,United States,204.3,322.4
saythename_17,852,Music,9.6,Indonesia,240.1,269.6
ludmilla,853,Music,27.4,Brazil,64.7,95.8
nidhhiagerwal,854,Lifestyle,24.3,India,87.3,105.7
anirudhofficial,855,Lifestyle,6,India,342.5,433.6
kto_takaya,856,Family,7,Russia,303.5,374.4
you_r_love,857,,5.5,Indonesia,364.2,465.3
kikakim,858,Lifestyle,6.9,Kazakhstan,279.9,370.6
chelseafc,859,Sports with a ball,34.8,Indonesia,48.9,72.7
luara,860,Music,15.9,Brazil,95.9,158.3
filiperet,861,Lifestyle,6.8,Brazil,147.9,379.4
subo_m,862,Shows,9.8,Russia,213.8,262.4
rogerfederer,863,Sports with a ball,9.6,Spain,205.3,265.4
belindapop,864,Music,15.5,Mexico,113.6,162.8
miketyson,865,Fitness & Gym,19,United States,102,131.2
sonu_sood,866,Cinema & Actors/actresses,14.4,India,151.5,172.8
sinavaliollah,867,Shows,7.3,Iran,277.1,350.1
jamorant,868,Sports with a ball,7.3,United States,212,342.5
priyankaamohanofficial,869,Cinema & Actors/actresses,3.2,India,677,777
massafera,870,Cinema & Actors/actresses,25.3,Brazil,67.2,97.8
bleacherreport,871,Sports with a ball,19.3,United States,64.8,128.4
lizzobeeating,872,Music,12.7,United States,137.9,193.2
raashiikhanna,873,Cinema & Actors/actresses,8.5,India,246.4,293.8
toniruediger,874,Sports with a ball,4,United Kingdom,414.4,622.5
fernandasouzaoficial,875,Music,22,Brazil,81.1,111.6
fedeevalverde,876,Sports with a ball,6.3,Spain,278.8,395
pledis_boos,877,Music,4.1,Indonesia,501.5,608.3
mohanshakti,878,Cinema & Actors/actresses,16.2,India,124.3,150
gabigol,879,Sports with a ball,9.9,Brazil,167,252.5
rebelwilson,880,Cinema & Actors/actresses,11.3,United States,185.8,214.4
aidanrgallagher,881,Music,7.5,Mexico,272.4,328
friends,882,Shows,11.9,Brazil,161.5,202.8
iamyanetgarcia,883,Cinema & Actors/actresses,14.8,Mexico,128.2,163
vanessalopesr_,884,Music,11.7,Brazil,63.1,205.3
funnymike,885,Art/Artists,8,United States,174.7,309.2
ahmedabohashima,886,Business & Careers,15.7,Egypt,112.8,152.6
min.nicha,887,Lifestyle,3.7,Thailand,473.2,646.4
39saku_chan,888,Cinema & Actors/actresses,3.6,Indonesia,542.9,669.3
bclsinclair,889,Music,21,Indonesia,71.9,113.6
humansofny,890,Lifestyle,12.1,United States,167.2,197.8
dk_is_dokyeom,891,,3,Iran,674.8,813.2
mariapedraza_,892,Cinema & Actors/actresses,12,Spain,150.1,198
ms.sethii,893,,6.5,United States,248.9,376.6
nazormaya,894,Lifestyle,3.5,Mexico,459.2,679.7
galatasaray,895,Sports with a ball,11.5,Turkey,171.7,207.5
arashi_5_official,896,Music,4.4,Japan,536.8,559.8
francinyehlke,897,Beauty,15.4,Brazil,70.7,154.4
lucianohuck,898,Shows,20.4,Brazil,93.1,117.4
xbox,899,Computers & Gadgets,12.8,United States,151.7,185.4
jadenhossler,900,Music,4.6,United States,336.5,518.9
leighannepinnock,901,Music,9,Brazil,184.4,262.5
alexisren,902,Lifestyle,16.6,United States,89.6,139.8
i_nivethathomas,903,Cinema & Actors/actresses,6.1,India,338,382.5
streetartglobe,904,Art/Artists,16.9,United States,100.2,136.8
tontawan,905,Lifestyle,3.7,Thailand,481.5,633.3
serenayss,906,Cinema & Actors/actresses,9.4,Turkey,194.8,249.6
alexadellanos,907,Lifestyle,9.4,United States,158.2,247.4
gildovigor,908,Family,15.1,Brazil,113.6,160.7
dance_malyshka_offi,909,Art/Artists,3.5,Russia,528.5,676.7
oprah,910,Art/Artists,21.3,United States,91.3,108.3
jadethirlwall,911,Music,9.3,United States,190.3,249.1
mterstegen1,912,Sports with a ball,13.5,Spain,111.7,168.1
madonna,913,Music,18.4,Italy,83.7,125.6
karrrambaby,914,Lifestyle,4,Russia,520.5,577.4
sincerooficial,915,Humor & Fun & Happiness,21.5,Brazil,54.6,105.3
coldplay,916,Music,16.6,Brazil,98.2,136.7
tommyinnit,917,Lifestyle,3.5,France,586.8,662.4
vicdeangelis,918,Lifestyle,3.7,Italy,417.9,619.6
kaylanicolejones,919,Shows,7.5,United States,144.5,305.9
mahnaz_afshar,920,Cinema & Actors/actresses,16.3,Iran,101.3,139
eda.ece,921,Lifestyle,6.5,Turkey,283.8,349.3
ateez_official_,922,,6.8,United States,293.8,337.8
wizkhalifa,923,Music,38.4,India,41.3,58.5
dean.schneider,924,Animals,10.1,India,173.1,222
hazalkaya,925,Cinema & Actors/actresses,7.2,Turkey,266.8,316.1
sooyoungchoi,926,Beauty,7.1,Indonesia,264.1,318.8
therealjosephmorgan,927,Cinema & Actors/actresses,8,Brazil,226.8,284.3
isaias,928,Shows,9.2,Brazil,75.3,248
rossbutler,929,Cinema & Actors/actresses,10.4,United States,152.6,213.4
jackblack,930,Cinema & Actors/actresses,8.8,United States,196.6,256.7
tammyhembrow,931,Fitness & Gym,15.3,United States,76.8,145
themermaidscales,932,Fashion,6.6,India,274,338
dababy,933,Music,21.2,United States,65.3,105.9
theshilpashetty,934,Cinema & Actors/actresses,26,India,74.1,85.3
adamsandler,935,Cinema & Actors/actresses,13.4,United States,130.5,166.6
elcinsangu,936,Cinema & Actors/actresses,8.5,Turkey,220,264.7
kashikakapoor09,937,,8.1,Indonesia,258.5,278.4
jessica.syj,938,Modeling,10.7,Indonesia,168.8,206.1
esbilgic,939,Lifestyle,7,India,252.4,321.2
imcryansp,940,,4,Brazil,236.1,561.7
acunilicali,941,Cinema & Actors/actresses,13.7,Turkey,134.3,168.3
canyaman,942,Cinema & Actors/actresses,9.8,Italy,185.8,230.9
eilirjani,943,Lifestyle,10.3,Albania,147.5,212.9
jeremyrenner,944,Shows,17.8,United States,102.8,123.4
felicyangelista_,945,Family,21.5,Indonesia,73.6,101.4
grefg_official,946,Computers & Gadgets,7.4,Spain,247.3,297.8
cole.labrant,947,Lifestyle,5.1,United States,310.9,438.1
e_milygarcia,948,Cinema & Actors/actresses,11.2,Brazil,119.2,197.2
jharden13,949,Sports with a ball,11.6,United States,109.8,188.4
samsmith,950,Music,14.6,United States,102,149.3
kashikakapoor09,951,Beauty,8.1,Indonesia,253.9,273.9
ncentineo,952,Cinema & Actors/actresses,16.8,Brazil,77.8,129.2
valeyellow46,953,Racing ,13.9,Indonesia,119.3,155.9
pharrell,954,Music,13.9,United States,109.3,155.9
joshrichards,955,Shows,6.9,United States,225.8,316.7
rubyrose,956,Modeling,19.7,United States,82.5,109.7
sabinahidalgo,957,Lifestyle,4.7,Brazil,399.6,479.5
hitocaesar,958,Lifestyle,13.6,Indonesia,112.9,159
romeestrijd,959,Modeling,7.7,United States,190.2,283.9
wikkiofficial,960,Humor & Fun & Happiness,2.6,India,675.1,840.6
apple,961,Computers & Gadgets,27.8,India,57.9,77.3
divyankatripathidahiya,962,Cinema & Actors/actresses,20.4,India,92,105.9
hadise,963,Music,13.8,Turkey,133.2,155.5
realhinakhan,964,Cinema & Actors/actresses,17.2,India,102.1,125.3
krithi.shetty_official,965,Humor & Fun & Happiness,3.5,India,527.9,624.4
dorra_zarrouk,966,Cinema & Actors/actresses,15.8,Egypt,100.5,134.5
roberto_firmino,967,Sports with a ball,13.6,Brazil,104.7,156.1
alvaromorte,968,Cinema & Actors/actresses,12.2,India,126.8,173.7
wilbursoot,969,Music,3.1,United States,539.9,692.2
warriors,970,Sports with a ball,24.8,United States,60.9,85.5
jacksepticeye,971,Computers & Gadgets,7.9,United States,233.5,271
hank_says_hank,972,,3.2,South Korea,566.7,665.1
bypamella,973,Shows,9.8,Brazil,127.8,218.9
raashiikhanna,974,Cinema & Actors/actresses,8.5,India,211.6,252.1
pandorakaaki,975,Adult content,7.3,United States,214.2,295.2
jenniferwinget1,976,Cinema & Actors/actresses,13.1,India,131.1,160.2
nadine.nassib.njeim,977,Cinema & Actors/actresses,15,Iraq,98.8,140.4
shahinsamadpoor,978,Literature & Journalism,4.5,Iran,365.3,481.4
julienco_,979,Lifestyle,6.3,Germany,273.4,337.5
allusnehareddy,980,,8.2,India,220.7,256.1
voguemagazine,981,Literature & Journalism,39.6,United States,34.2,52.5
ho5hi_kwon,982,,3,Indonesia,547,712.1
melissabenoist,983,Family,4.8,United States,324.7,439.5
barstoolsports,984,Lifestyle,13.9,United States,98.2,148.2
piyanka_mongia,985,Humor & Fun & Happiness,8.8,India,191.5,240.4
5sos,986,Music,10.1,United States,147.4,203.6
jxxvvxxk,987,,3.4,Indonesia,489.8,614.3
lynaritaa,988,Lifestyle,9,United States,176.7,234.1
tomo.y9,989,Art/Artists,5,Japan,393.6,422
wayvofficial,990,Music,7.3,Indonesia,238.2,283.7
supremo_dp,991,Music,5,Philippines,337.9,416.3
jaredleto,992,Music,10.9,United States,149.9,188.5
thariqhalilintar,993,Shows,7.4,Indonesia,225.6,279.5
ferozekhan,994,Lifestyle,6.6,Pakistan,267.4,315.8
garciajoshuae,995,Modeling,5,Philippines,357.5,412.1
nimratkhairaofficial,996,Music,8,India,211.1,261.8
hanhyojoo222,997,Travel,4,Indonesia,434.2,518.2
memphisdepay,998,Sports with a ball,15,France,76.4,135.5
arminzareeiofficial,999,Lifestyle,9.8,Iran,135.4,214
noorstars,1000,Shows,13,Iraq,117.6,157.6
